repo_full_name,type,stars,python_pct,contributors,commits_last_90d,pushed_at,html_url,web_frameworks_detected,description
huggingface/transformers,library,150759,99.57,3600,1162,2025-10-08T17:31:43Z,https://github.com/huggingface/transformers,streamlit,"ü§ó Transformers: the model-definition framework for state-of-the-art machine learning models in text, vision, audio, and multimodal models, for both inference and training."
langchain-ai/langchain,framework,116817,98.61,3526,710,2025-10-08T16:43:33Z,https://github.com/langchain-ai/langchain,fastapi,ü¶úüîó Build context-aware reasoning applications
apache/airflow,webapp,42708,92.07,3909,1673,2025-10-08T16:45:46Z,https://github.com/apache/airflow,flask,"Apache Airflow - A platform to programmatically author, schedule, and monitor workflows"
Significant-Gravitas/AutoGPT,framework,178877,63.21,795,391,2025-10-08T17:14:43Z,https://github.com/Significant-Gravitas/AutoGPT,fastapi,"AutoGPT is the vision of accessible AI for everyone, to use and to build on. Our mission is to provide the tools, so that you can focus on what matters."
vllm-project/vllm,library,59637,85.32,1651,2663,2025-10-08T17:13:50Z,https://github.com/vllm-project/vllm,"fastapi,flask",A high-throughput and memory-efficient inference and serving engine for LLMs
langflow-ai/langflow,webapp,129810,50.75,304,400,2025-10-08T17:29:53Z,https://github.com/langflow-ai/langflow,fastapi,Langflow is a powerful tool for building and deploying AI-powered agents and workflows.
getsentry/sentry,webapp,42158,56.56,978,4817,2025-10-08T17:31:25Z,https://github.com/getsentry/sentry,django,Developer-first error tracking and performance monitoring
fastapi/fastapi,framework,90496,99.94,849,257,2025-10-08T17:23:49Z,https://github.com/fastapi/fastapi,flask,"FastAPI framework, high performance, easy to learn, fast to code, ready for production"
run-llama/llama_index,framework,44630,57.91,1737,377,2025-10-07T23:12:52Z,https://github.com/run-llama/llama_index,"fastapi,streamlit",LlamaIndex is the leading framework for building LLM-powered agents over your data.
WeblateOrg/weblate,webapp,5435,85.17,1988,2285,2025-10-08T17:33:05Z,https://github.com/WeblateOrg/weblate,django,Web based localization tool with tight version control integration.
ray-project/ray,framework,39236,73.81,1367,1478,2025-10-08T17:08:55Z,https://github.com/ray-project/ray,"fastapi,flask,gradio",Ray is an AI compute engine. Ray consists of a core distributed runtime and a set of AI Libraries for accelerating ML workloads.
pallets/flask,framework,70513,99.89,857,25,2025-09-20T00:33:34Z,https://github.com/pallets/flask,flask,The Python micro framework for building web applications.
BerriAI/litellm,webapp,29648,88.66,902,2957,2025-10-08T16:49:02Z,https://github.com/BerriAI/litellm,"fastapi,flask","Python SDK, Proxy Server (LLM Gateway) to call 100+ LLM APIs in OpenAI format - [Bedrock, Azure, OpenAI, VertexAI, Cohere, Anthropic, Sagemaker, HuggingFace, Replicate, Groq]"
encode/django-rest-framework,library,29540,91.46,1448,21,2025-10-08T12:47:05Z,https://github.com/encode/django-rest-framework,django,Web APIs for Django. üé∏
celery/celery,framework,27303,98.54,1440,38,2025-10-08T04:57:58Z,https://github.com/celery/celery,django,Distributed Task Queue (development branch)
bregman-arie/devops-exercises,collection,79246,66.12,216,10,2025-10-07T17:14:54Z,https://github.com/bregman-arie/devops-exercises,flask,"Linux, Jenkins, AWS, SRE, Prometheus, Docker, Python, Ansible, Git, Kubernetes, Terraform, OpenStack, SQL, NoSQL, Azure, GCP, DNS, Elastic, Network, Virtualization. DevOps Interview Questions"
All-Hands-AI/OpenHands,64017,webapp,78.32,386,595,2025-10-08T17:30:59Z,https://github.com/All-Hands-AI/OpenHands,"fastapi,flask,streamlit","üôå OpenHands: Code Less, Make More"
openedx/edx-platform,webapp,7875,72.29,1502,427,2025-10-08T16:11:27Z,https://github.com/openedx/edx-platform,"django,fastapi","The Open edX LMS & Studio, powering education sites around the world!"
Lightning-AI/pytorch-lightning,framework,30224,99.73,1043,193,2025-10-07T12:58:08Z,https://github.com/Lightning-AI/pytorch-lightning,fastapi,"Pretrain, finetune ANY AI model of ANY size on 1 or 10,000+ GPUs with zero code changes."
xtekky/gpt4free,toolkit,65387,98.25,259,375,2025-10-08T12:09:35Z,https://github.com/xtekky/gpt4free,"fastapi,flask","The official gpt4free repository | various collection of powerful language models | o4, o3 and deepseek r1, gpt-4.1, gemini 2.5"
mindsdb/mindsdb,webapp,36286,99.82,878,174,2025-10-08T14:20:47Z,https://github.com/mindsdb/mindsdb,"fastapi,flask","AI Analytics and Knowledge Engine for RAG over large-scale, heterogeneous data. - The only MCP Server you'll ever need"
microsoft/autogen,framwork,50571,61.47,532,75,2025-10-08T04:58:17Z,https://github.com/microsoft/autogen,fastapi,A programming framework for agentic AI
geekcomputers/Python,collection,34119,94.38,823,220,2025-10-08T15:29:57Z,https://github.com/geekcomputers/Python,"django,fastapi,flask",My Python Examples
mlflow/mlflow,webapp,22401,53.11,901,829,2025-10-08T14:22:10Z,https://github.com/mlflow/mlflow,"fastapi,flask","The open source developer platform to build AI/LLM applications and models with confidence. Enhance your AI applications with end-to-end tracking, observability, and evaluations, all in one integrated platform."
Shubhamsaboo/awesome-llm-apps,collection,71410,66.80,53,90,2025-10-08T02:58:42Z,https://github.com/Shubhamsaboo/awesome-llm-apps,"fastapi,gradio,streamlit","Collection of awesome LLM apps with AI Agents and RAG using OpenAI, Anthropic, Gemini and opensource models."
wagtail/wagtail,webapp,19688,76.12,1017,289,2025-10-07T09:38:21Z,https://github.com/wagtail/wagtail,django,A Django content management system focused on flexibility and user experience
ultralytics/yolov5,library,55578,98.45,346,11,2025-10-04T12:12:42Z,https://github.com/ultralytics/yolov5,flask,YOLOv5 üöÄ in PyTorch > ONNX > CoreML > TFLite
hiyouga/LLaMA-Factory,framework,59817,99.55,218,70,2025-10-07T16:18:35Z,https://github.com/hiyouga/LLaMA-Factory,"fastapi,gradio",Unified Efficient Fine-Tuning of 100+ LLMs & VLMs (ACL 2024)
sgl-project/sglang,framework,18667,75.39,696,1774,2025-10-08T16:53:22Z,https://github.com/sgl-project/sglang,fastapi,SGLang is a fast serving framework for large language models and vision language models.
mitmproxy/mitmproxy,webapp,40768,80.60,578,46,2025-10-05T11:43:24Z,https://github.com/mitmproxy/mitmproxy,flask,An interactive TLS-capable intercepting HTTP proxy for penetration testers and software developers.
freqtrade/freqtrade,webapp,43413,98.34,369,811,2025-10-08T05:12:00Z,https://github.com/freqtrade/freqtrade,fastapi,"Free, open source crypto trading bot"
pytest-dev/pytest,framework,13144,99.99,1059,130,2025-10-08T05:57:49Z,https://github.com/pytest-dev/pytest,django,"The pytest framework makes it easy to write small tests, yet scales to support complex functional testing"
OpenBB-finance/OpenBB,webapp,53020,100.00,253,29,2025-10-08T15:53:59Z,https://github.com/OpenBB-finance/OpenBB,"fastapi,streamlit","Financial data platform for analysts, quants and AI agents."
oobabooga/text-generation-webui,webapp,45122,88.01,372,213,2025-10-08T15:40:53Z,https://github.com/oobabooga/text-generation-webui,"fastapi,gradio","The definitive Web UI for local AI, with powerful features and easy setup."
gradio-app/gradio,framework,40135,52.43,454,245,2025-10-08T17:00:49Z,https://github.com/gradio-app/gradio,"fastapi,gradio","Build and share delightful machine learning apps, all in Python. üåü Star to support our work!"
unclecode/crawl4ai,library,54327,99.39,49,97,2025-10-08T10:43:28Z,https://github.com/unclecode/crawl4ai,"fastapi,flask","üöÄü§ñ Crawl4AI: Open-source LLM Friendly Web Crawler & Scraper. Don't be shy, join here: https://discord.gg/jP8KfhDhyN"
RVC-Boss/GPT-SoVITS,framework,51386,96.56,93,20,2025-09-10T07:01:05Z,https://github.com/RVC-Boss/GPT-SoVITS,"fastapi,gradio",1 min voice data can also be used to train a good TTS model! (few shot voice cloning)
paperless-ngx/paperless-ngx,webapp,32680,54.17,418,228,2025-10-08T15:50:52Z,https://github.com/paperless-ngx/paperless-ngx,django,"A community-supported supercharged document management system: scan, index and archive all your documents"
Azure/azure-sdk-for-python,library,5335,99.61,856,641,2025-10-08T16:48:22Z,https://github.com/Azure/azure-sdk-for-python,"django,flask",This repository is for active development of the Azure SDK for Python. For consumers of the SDK we recommend visiting our public developer docs at https://learn.microsoft.com/python/azure/ or our versioned developer docs at https://azure.github.io/azure-sdk-for-python.
agno-agi/agno,framework,34159,99.53,310,451,2025-10-08T17:23:22Z,https://github.com/agno-agi/agno,"fastapi,streamlit","High-performance SDK and runtime for multi-agent systems. Build, run and manage secure multi-agent systems in your cloud."
mem0ai/mem0,40910,66.24,239,124,2025-10-07T08:42:59Z,https://github.com/mem0ai/mem0,"fastapi,flask,gradio,streamlit",Universal memory layer for AI Agents; Announcing OpenMemory MCP - local and secure memory management.
FoundationAgents/OpenManus,50170,97.85,60,33,2025-09-30T21:06:32Z,https://github.com/FoundationAgents/OpenManus,fastapi,"No fortress, purely open ground.  OpenManus is Coming."
dagster-io/dagster,14170,79.26,605,879,2025-10-08T16:10:56Z,https://github.com/dagster-io/dagster,"fastapi,flask,streamlit","An orchestration platform for the development, production, and observation of data assets."
goauthentik/authentik,18331,51.94,437,1213,2025-10-08T17:21:58Z,https://github.com/goauthentik/authentik,django,The authentication glue you need.
hpcaitech/ColossalAI,41196,93.16,197,121,2025-10-06T17:48:50Z,https://github.com/hpcaitech/ColossalAI,"fastapi,gradio,streamlit","Making large AI models cheaper, faster and more accessible"
pennersr/django-allauth,10152,94.78,788,58,2025-10-05T18:08:30Z,https://github.com/pennersr/django-allauth,django,"Integrated set of Django applications addressing authentication, registration, account management as well as 3rd party (social) account authentication. üîÅ Mirror of https://codeberg.org/allauth/django-allauth/"
ansible/awx,14958,97.92,679,98,2025-10-07T15:13:34Z,https://github.com/ansible/awx,django,"AWX provides a web-based user interface, REST API, and task engine built on top of Ansible. It is one of the upstream projects for Red Hat Ansible Automation Platform."
pathwaycom/pathway,45712,66.74,30,179,2025-10-08T05:02:39Z,https://github.com/pathwaycom/pathway,"fastapi,streamlit","Python ETL framework for stream processing, real-time analytics, LLM pipelines, and RAG."
beetbox/beets,14000,95.82,622,337,2025-10-07T22:39:48Z,https://github.com/beetbox/beets,flask,music library manager and MusicBrainz tagger
locustio/locust,26891,80.06,366,235,2025-10-06T12:56:07Z,https://github.com/locustio/locust,flask,Write scalable load tests in plain Python üöóüí®
Aider-AI/aider,37841,80.07,174,91,2025-10-05T19:11:17Z,https://github.com/Aider-AI/aider,streamlit,aider is AI pair programming in your terminal
pytorch/tutorials,8818,96.59,752,94,2025-10-02T17:52:52Z,https://github.com/pytorch/tutorials,flask,PyTorch tutorials.
virattt/ai-hedge-fund,41701,57.65,36,121,2025-09-30T21:55:53Z,https://github.com/virattt/ai-hedge-fund,fastapi,An AI Hedge Fund Team
netbox-community/netbox,18758,94.15,427,296,2025-10-08T17:00:30Z,https://github.com/netbox-community/netbox,django,The premier source of truth powering network automation. Open source under Apache 2. Try NetBox Cloud free: https://netboxlabs.com/products/free-netbox-cloud/
PrefectHQ/prefect,20527,84.93,371,338,2025-10-08T14:05:14Z,https://github.com/PrefectHQ/prefect,fastapi,Prefect is a workflow orchestration framework for building resilient data pipelines in Python.
NanmiCoder/MediaCrawler,37683,100.00,61,108,2025-10-02T06:27:20Z,https://github.com/NanmiCoder/MediaCrawler,fastapi,Â∞èÁ∫¢‰π¶Á¨îËÆ∞ | ËØÑËÆ∫Áà¨Ëô´„ÄÅÊäñÈü≥ËßÜÈ¢ë | ËØÑËÆ∫Áà¨Ëô´„ÄÅÂø´ÊâãËßÜÈ¢ë | ËØÑËÆ∫Áà¨Ëô´„ÄÅB Á´ôËßÜÈ¢ë ÔΩú ËØÑËÆ∫Áà¨Ëô´„ÄÅÂæÆÂçöÂ∏ñÂ≠ê ÔΩú ËØÑËÆ∫Áà¨Ëô´„ÄÅÁôæÂ∫¶Ë¥¥ÂêßÂ∏ñÂ≠ê ÔΩú ÁôæÂ∫¶Ë¥¥ÂêßËØÑËÆ∫ÂõûÂ§çÁà¨Ëô´  | Áü•‰πéÈóÆÁ≠îÊñáÁ´†ÔΩúËØÑËÆ∫Áà¨Ëô´
nicolargo/glances,30148,82.76,210,103,2025-10-08T16:09:41Z,https://github.com/nicolargo/glances,fastapi,"Glances an Eye on your system. A top/htop alternative for GNU/Linux, BSD, Mac OS and Windows operating systems."
NVIDIA-NeMo/NeMo,15824,79.90,457,208,2025-10-08T14:08:05Z,https://github.com/NVIDIA-NeMo/NeMo,"fastapi,flask","A scalable generative AI framework built for researchers and developers working on Large Language Models, Multimodal, and Speech AI (Automatic Speech Recognition and Text-to-Speech)"
searxng/searxng,22303,80.41,325,210,2025-10-08T11:48:47Z,https://github.com/searxng/searxng,flask,SearXNG is a free internet metasearch engine which aggregates results from various search services and databases. Users are neither tracked nor profiled.
django-cms/django-cms,10566,61.02,592,37,2025-10-08T07:14:43Z,https://github.com/django-cms/django-cms,django,The easy-to-use and developer-friendly enterprise CMS powered by Django
jumpserver/jumpserver,28804,94.63,177,197,2025-10-08T16:53:50Z,https://github.com/jumpserver/jumpserver,django,"JumpServer is an open-source Privileged Access Management (PAM) platform that provides DevOps and IT teams with on-demand and secure access to SSH, RDP, Kubernetes, Database and RemoteApp endpoints through a web browser."
chubin/wttr.in,27693,65.06,222,75,2025-10-07T16:00:17Z,https://github.com/chubin/wttr.in,flask,:partly_sunny: The right way to check the weather
saleor/saleor,22152,99.05,315,155,2025-10-08T15:59:15Z,https://github.com/saleor/saleor,django,"Saleor Core: the high performance, composable, headless commerce API."
pyinstaller/pyinstaller,12645,69.12,481,88,2025-10-05T19:13:37Z,https://github.com/pyinstaller/pyinstaller,django,Freeze (package) Python programs into stand-alone executables
django-extensions/django-extensions,6750,95.02,604,15,2025-10-03T07:03:35Z,https://github.com/django-extensions/django-extensions,django,This is a repository for collecting global custom management extensions for the Django Framework.
readthedocs/readthedocs.org,8260,86.65,539,150,2025-10-08T16:44:57Z,https://github.com/readthedocs/readthedocs.org,django,The source code that powers readthedocs.org
volcengine/verl,14083,92.28,353,453,2025-10-07T19:13:46Z,https://github.com/volcengine/verl,fastapi,verl: Volcano Engine Reinforcement Learning for LLMs
khoj-ai/khoj,31276,50.76,62,177,2025-09-16T09:17:58Z,https://github.com/khoj-ai/khoj,"django,fastapi","Your AI second brain. Self-hostable. Get answers from the web or your docs. Build custom agents, schedule automations, do deep research. Turn any online or local LLM into your personal, autonomous AI (gpt, claude, gemini, llama, qwen, mistral). Get started - free."
qutebrowser/qutebrowser,10939,74.79,472,75,2025-10-06T10:58:16Z,https://github.com/qutebrowser/qutebrowser,flask,"A keyboard-driven, vim-like browser based on Python and Qt."
assafelovic/gpt-researcher,23734,51.14,205,63,2025-10-07T14:44:05Z,https://github.com/assafelovic/gpt-researcher,fastapi,LLM based autonomous agent that conducts deep local and web research on any topic and generates a long report with citations.
great-expectations/great_expectations,10816,99.40,453,98,2025-10-08T17:28:26Z,https://github.com/great-expectations/great_expectations,flask,Always know what to expect from your data.
dgtlmoon/changedetection.io,27541,77.70,109,69,2025-10-08T17:15:30Z,https://github.com/dgtlmoon/changedetection.io,flask,"Best and simplest tool for website change detection, web page monitoring, and website change alerts. Perfect for tracking content changes, price drops, restock alerts, and website defacement monitoring‚Äîall for free or enjoy our SaaS plan!"
huggingface/peft,19765,99.46,253,106,2025-10-08T15:01:52Z,https://github.com/huggingface/peft,gradio,ü§ó PEFT: State-of-the-art Parameter-Efficient Fine-Tuning.
prowler-cloud/prowler,12178,91.61,333,435,2025-10-08T17:21:33Z,https://github.com/prowler-cloud/prowler,"django,flask","Prowler is the Open Cloud Security platform for AWS, Azure, GCP, Kubernetes, M365 and more. It helps for continuous monitoring, security assessments & audits, incident response, compliance, hardening and forensics readiness. Includes CIS, NIST 800, NIST CSF, CISA, FedRAMP, PCI-DSS, GDPR, HIPAA, FFIEC, SOC2, ENS and more"
cloud-custodian/cloud-custodian,5821,98.09,523,45,2025-10-08T15:07:26Z,https://github.com/cloud-custodian/cloud-custodian,flask,"Rules engine for cloud security, cost optimization, and governance, DSL in yaml for policies to query, filter, and take actions on resources"
spotDL/spotify-downloader,22316,99.59,173,133,2025-10-08T10:55:05Z,https://github.com/spotDL/spotify-downloader,fastapi,Download your Spotify playlists and songs along with album art and metadata (from YouTube if a match is found).
datalab-to/marker,29091,99.67,29,170,2025-10-07T16:48:58Z,https://github.com/datalab-to/marker,"fastapi,streamlit",Convert PDF to markdown + JSON quickly with high accuracy
conda/conda,7123,98.21,473,140,2025-10-07T07:56:06Z,https://github.com/conda/conda,"django,flask","A system-level, binary package and environment manager running on all major operating systems and platforms."
PaddlePaddle/PaddleNLP,12792,83.77,375,60,2025-09-30T07:39:43Z,https://github.com/PaddlePaddle/PaddleNLP,"fastapi,gradio",Easy-to-use and powerful LLM and SLM library with awesome model zoo.
benoitc/gunicorn,10287,99.90,432,12,2025-10-06T15:42:45Z,https://github.com/benoitc/gunicorn,flask,"gunicorn 'Green Unicorn' is a WSGI HTTP Server for UNIX, fast clients and sleepy applications."
microsoft/graphrag,28518,96.06,50,25,2025-10-07T23:26:28Z,https://github.com/microsoft/graphrag,streamlit,A modular graph-based Retrieval-Augmented Generation (RAG) system
arc53/DocsGPT,17159,51.65,212,307,2025-10-08T15:18:55Z,https://github.com/arc53/DocsGPT,flask,"Private AI platform for agents, assistants and enterprise search. Built-in Agent Builder, Deep research, Document analysis, Multi-model support, and API connectivity for agents."
bridgecrewio/checkov,8057,75.46,432,77,2025-10-08T15:38:32Z,https://github.com/bridgecrewio/checkov,"django,flask","Prevent cloud misconfigurations and find vulnerabilities during build-time in infrastructure as code, container images and open source packages with Checkov by Bridgecrew."
HypothesisWorks/hypothesis,8101,91.14,353,467,2025-10-05T22:45:51Z,https://github.com/HypothesisWorks/hypothesis,django,The property-based testing library for Python
DrewThomasson/ebook2audiobook,11554,89.48,27,1651,2025-09-25T21:18:54Z,https://github.com/DrewThomasson/ebook2audiobook,"fastapi,gradio","Generate audiobooks from e-books, voice cloning & 1107+ languages!"
mlc-ai/mlc-llm,21445,68.49,148,39,2025-10-06T16:28:25Z,https://github.com/mlc-ai/mlc-llm,fastapi,Universal LLM Deployment Engine with ML Compilation
fortra/impacket,14931,99.99,277,39,2025-10-02T14:38:29Z,https://github.com/fortra/impacket,flask,Impacket is a collection of Python classes for working with network protocols.
jupyterhub/jupyterhub,8143,90.06,384,126,2025-10-07T15:22:53Z,https://github.com/jupyterhub/jupyterhub,fastapi,Multi-user server for Jupyter notebooks
sinaptik-ai/pandas-ai,22212,99.44,111,63,2025-10-07T08:22:12Z,https://github.com/sinaptik-ai/pandas-ai,fastapi,"Chat with your database or your datalake (SQL, CSV, parquet). PandasAI makes data analysis conversational using LLMs and RAG."
onyx-dot-app/onyx,15431,69.10,163,382,2025-10-08T17:29:44Z,https://github.com/onyx-dot-app/onyx,fastapi,Open Source AI Platform - AI Chat with advanced features that works with every LLM
openai/openai-agents-python,15729,99.93,170,311,2025-10-08T15:48:45Z,https://github.com/openai/openai-agents-python,fastapi,"A lightweight, powerful framework for multi-agent workflows"
google/adk-python,13531,98.83,144,618,2025-10-08T06:07:21Z,https://github.com/google/adk-python,"fastapi,flask","An open-source, code-first Python toolkit for building, evaluating, and deploying sophisticated AI agents with flexibility and control."
LibreTranslate/LibreTranslate,12800,74.36,272,49,2025-09-23T17:31:08Z,https://github.com/LibreTranslate/LibreTranslate,flask,"Free and Open Source Machine Translation API. Self-hosted, offline capable and easy to setup."
spyder-ide/spyder,8944,92.33,267,439,2025-10-07T23:37:04Z,https://github.com/spyder-ide/spyder,django,Official repository for Spyder - The Scientific Python Development Environment
comet-ml/opik,14619,71.15,76,820,2025-10-08T17:02:39Z,https://github.com/comet-ml/opik,flask,"Debug, evaluate, and monitor your LLM applications, RAG systems, and agentic workflows with comprehensive tracing, automated evaluations, and production-ready dashboards."
serengil/deepface,20704,99.05,96,56,2025-09-26T12:24:25Z,https://github.com/serengil/deepface,flask,"A Lightweight Face Recognition and Facial Attribute Analysis (Age, Gender, Emotion and Race) Library for Python"
camel-ai/camel,14440,96.32,167,321,2025-10-08T14:57:41Z,https://github.com/camel-ai/camel,"flask,streamlit",üê´ CAMEL: The first and the best multi-agent framework. Finding the Scaling Law of Agents. https://www.camel-ai.org
pallets-eco/flask-admin,6003,87.43,382,49,2025-10-03T12:22:44Z,https://github.com/pallets-eco/flask-admin,flask,Simple and extensible administrative interface framework for Flask
huggingface/lerobot,17766,99.85,119,154,2025-10-08T17:03:28Z,https://github.com/huggingface/lerobot,flask,ü§ó LeRobot: Making AI for Robotics more accessible with end-to-end learning
skypilot-org/skypilot,8806,87.40,168,799,2025-10-08T17:03:06Z,https://github.com/skypilot-org/skypilot,"fastapi,streamlit","Run, manage, and scale AI workloads on any AI infrastructure. Use one system to access & manage all AI compute (Kubernetes, 17+ clouds, or on-prem)."
wandb/wandb,10385,76.03,222,344,2025-10-08T17:16:25Z,https://github.com/wandb/wandb,"fastapi,flask","The AI developer platform. Use Weights & Biases to train and fine-tune models, and manage models from experimentation to production."
zauberzeug/nicegui,14113,90.28,183,149,2025-10-08T16:25:25Z,https://github.com/zauberzeug/nicegui,fastapi,Create web-based user interfaces with Python. The nice way.
567-labs/instructor,11586,99.99,226,157,2025-10-08T00:20:20Z,https://github.com/567-labs/instructor,fastapi,structured outputs for llms
django-commons/django-debug-toolbar,8289,79.29,314,26,2025-10-07T16:21:58Z,https://github.com/django-commons/django-debug-toolbar,django,A configurable set of panels that display various debug information about the current request/response.
OpenBMB/MiniCPM-V,22035,83.28,33,50,2025-09-24T15:03:00Z,https://github.com/OpenBMB/MiniCPM-V,"fastapi,gradio","MiniCPM-V 4.5: A GPT-4o Level MLLM for Single Image, Multi Image and High-FPS Video Understanding on Your Phone"
mealie-recipes/mealie,10231,60.78,201,385,2025-10-08T15:47:20Z,https://github.com/mealie-recipes/mealie,fastapi,Mealie is a self hosted recipe manager and meal planner with a RestAPI backend and a reactive frontend application built in Vue for a pleasant user experience for the whole family. Easily add recipes into your database by providing the url and mealie will automatically import the relevant data or add a family recipe with the UI editor
llamastack/llama-stack,8100,86.58,189,657,2025-10-08T14:47:18Z,https://github.com/llamastack/llama-stack,"fastapi,streamlit",Composable building blocks to build Llama Apps
Fosowl/agenticSeek,22075,81.35,32,15,2025-09-14T18:15:49Z,https://github.com/Fosowl/agenticSeek,"fastapi,flask","Fully Local Manus AI. No APIs, No $200 monthly bills. Enjoy an autonomous agent that thinks, browses the web, and code for the sole cost of electricity. üîî Official updates only via twitter @Martin993886460 (Beware of fake account)"
aws/aws-sam-cli,6636,99.50,326,76,2025-10-08T17:25:14Z,https://github.com/aws/aws-sam-cli,flask,"CLI tool to build, test, debug, and deploy Serverless applications using AWS SAM"
Skyvern-AI/skyvern,14530,64.39,64,578,2025-10-08T17:21:47Z,https://github.com/Skyvern-AI/skyvern,fastapi,Automate browser-based workflows with LLMs and Computer Vision
Avaiga/taipy,18762,76.21,89,24,2025-10-08T09:02:32Z,https://github.com/Avaiga/taipy,flask,Turns Data and AI algorithms into production-ready web applications in no time.
feast-dev/feast,6377,72.82,321,94,2025-10-07T15:18:20Z,https://github.com/feast-dev/feast,fastapi,The Open Source Feature Store for AI/ML
emcie-co/parlant,13530,88.45,21,876,2025-10-06T07:53:44Z,https://github.com/emcie-co/parlant,fastapi,LLM agents built for control. Designed for real-world use. Deployed in minutes.
axolotl-ai-cloud/axolotl,10575,95.90,210,207,2025-10-08T15:27:01Z,https://github.com/axolotl-ai-cloud/axolotl,gradio,Go ahead and axolotl questions
fastapi/sqlmodel,16893,99.86,97,99,2025-10-08T16:38:40Z,https://github.com/fastapi/sqlmodel,fastapi,"SQL databases in Python, designed for simplicity, compatibility, and robustness."
SWE-agent/SWE-agent,17531,94.68,88,33,2025-10-06T22:36:29Z,https://github.com/SWE-agent/SWE-agent,flask,"SWE-agent takes a GitHub issue and tries to automatically fix it, using your LM of choice. It can also be employed for offensive cybersecurity or competitive coding challenges. [NeurIPS 2024]"
eternnoir/pyTelegramBotAPI,8566,100.00,264,43,2025-09-03T15:01:47Z,https://github.com/eternnoir/pyTelegramBotAPI,flask,Python Telegram bot api.
getzep/graphiti,18705,99.51,33,149,2025-10-08T14:45:53Z,https://github.com/getzep/graphiti,fastapi,Build Real-Time Knowledge Graphs for AI Agents
bytedance/deer-flow,17356,60.38,71,86,2025-10-05T14:07:23Z,https://github.com/bytedance/deer-flow,fastapi,"DeerFlow is a community-driven Deep Research framework, combining language models with tools like web search, crawling, and Python execution, while contributing back to the open-source community."
modelscope/modelscope,8374,98.72,256,49,2025-10-01T12:53:00Z,https://github.com/modelscope/modelscope,"fastapi,gradio",ModelScope: bring the notion of Model-as-a-Service to life.
laramies/theHarvester,14661,99.61,114,117,2025-10-08T16:49:53Z,https://github.com/laramies/theHarvester,fastapi,"E-mails, subdomains and names Harvester - OSINT"
datalab-to/surya,18667,99.68,17,173,2025-10-08T17:11:34Z,https://github.com/datalab-to/surya,streamlit,"OCR, layout analysis, reading order, table recognition in 90+ languages"
qodo-ai/pr-agent,9152,99.85,193,237,2025-10-06T11:16:44Z,https://github.com/qodo-ai/pr-agent,fastapi,"üöÄ PR-Agent: An AI-Powered ü§ñ Tool for Automated Pull Request Analysis, Feedback, Suggestions and More! üíªüîç (For more advanced: check Qodo Merge)"
polarsource/polar,7319,59.42,83,968,2025-10-08T15:23:10Z,https://github.com/polarsource/polar,fastapi,Turn your software into a business.
oraios/serena,13869,89.86,69,353,2025-10-07T11:40:09Z,https://github.com/oraios/serena,flask,A powerful coding agent toolkit providing semantic retrieval and editing capabilities (MCP server & other integrations)
modelscope/FunASR,12928,71.61,155,17,2025-10-01T06:46:21Z,https://github.com/modelscope/FunASR,fastapi,"A Fundamental End-to-End Speech Recognition Toolkit and Open Source SOTA Pretrained Models, Supporting Speech Recognition, Voice Activity Detection, Text Post-processing etc."
soxoj/maigret,17703,65.94,48,57,2025-10-08T07:58:01Z,https://github.com/soxoj/maigret,flask,üïµÔ∏è‚Äç‚ôÇÔ∏è Collect a dossier on a person by username from thousands of sites
livekit/agents,7783,96.71,194,314,2025-10-08T16:35:47Z,https://github.com/livekit/agents,fastapi,A powerful framework for building realtime voice AI agents ü§ñüéôÔ∏èüìπ
topoteretes/cognee,7589,92.46,70,941,2025-10-08T17:19:17Z,https://github.com/topoteretes/cognee,fastapi,Memory for AI Agents in 6 lines of code
pdm-project/pdm,8476,90.19,230,48,2025-10-08T01:41:11Z,https://github.com/pdm-project/pdm,streamlit,A modern Python package and dependency manager supporting the latest PEP standards
wger-project/wger,5211,88.95,272,138,2025-10-08T16:11:41Z,https://github.com/wger-project/wger,django,"Self hosted FLOSS fitness/workout, nutrition and weight tracker"
bentoml/BentoML,8114,96.57,225,60,2025-10-08T01:30:04Z,https://github.com/bentoml/BentoML,fastapi,"The easiest way to serve AI apps and models - Build Model Inference APIs, Job queues, LLM apps, Multi-model pipelines, and more!"
kvcache-ai/ktransformers,15141,64.11,84,48,2025-09-16T13:29:33Z,https://github.com/kvcache-ai/ktransformers,fastapi,A Flexible Framework for Experiencing Cutting-edge LLM Inference Optimizations
jazzband/pip-tools,7942,99.62,217,88,2025-10-06T20:20:34Z,https://github.com/jazzband/pip-tools,django,A set of tools to keep your pinned Python dependencies fresh.
Mailu/Mailu,6831,73.05,246,47,2025-10-07T13:40:46Z,https://github.com/Mailu/Mailu,flask,Insular email distribution - mail server as Docker images
FunAudioLLM/CosyVoice,16755,98.44,43,35,2025-09-28T07:28:15Z,https://github.com/FunAudioLLM/CosyVoice,"fastapi,gradio","Multi-lingual large voice generation model, providing inference, training and deployment full-stack ability."
ShishirPatil/gorilla,12459,72.32,128,16,2025-10-02T09:50:25Z,https://github.com/ShishirPatil/gorilla,fastapi,Gorilla: Training and Evaluating LLMs for Function Calls (Tool Calls)
modelscope/ms-swift,10213,99.81,95,402,2025-10-08T13:51:37Z,https://github.com/modelscope/ms-swift,"fastapi,gradio","Use PEFT or Full-parameter to CPT/SFT/DPO/GRPO 500+ LLMs (Qwen3, Qwen3-MoE, Llama4, GLM4.5, InternLM3, DeepSeek-R1, ...) and 200+ MLLMs (Qwen3-VL, Qwen3-Omni, InternVL3.5, Ovis2.5, Llava, GLM4v, Phi4, ...) (AAAI 2025)."
flet-dev/flet,14484,70.26,75,54,2025-10-08T17:22:24Z,https://github.com/flet-dev/flet,fastapi,"Flet enables developers to easily build realtime web, mobile and desktop apps in Python. No frontend experience required."
ibis-project/ibis,6139,98.27,222,148,2025-10-08T04:13:20Z,https://github.com/ibis-project/ibis,streamlit,the portable Python dataframe library
suitenumerique/docs,13845,53.35,52,201,2025-10-08T15:15:29Z,https://github.com/suitenumerique/docs,django,"A collaborative note taking, wiki and documentation platform that scales. Built with Django and React."
benbusby/whoogle-search,11004,64.54,140,34,2025-10-04T15:30:30Z,https://github.com/benbusby/whoogle-search,flask,"A self-hosted, ad-free, privacy-respecting metasearch engine"
keephq/keep,10776,63.07,139,52,2025-10-07T13:03:04Z,https://github.com/keephq/keep,fastapi,The open-source AIOps and alert management platform
Alibaba-NLP/DeepResearch,15544,96.65,26,133,2025-10-05T13:59:40Z,https://github.com/Alibaba-NLP/DeepResearch,"fastapi,streamlit","Tongyi Deep Research, the Leading Open-source Deep Research Agent"
awslabs/mcp,6650,97.38,167,314,2025-10-08T17:22:00Z,https://github.com/awslabs/mcp,"fastapi,streamlit","AWS MCP Servers ‚Äî helping you get the most out of AWS, wherever you use MCP."
trycua/cua,10264,62.38,28,570,2025-10-07T23:22:42Z,https://github.com/trycua/cua,fastapi,"Open-source infrastructure for Computer-Use Agents. Sandboxes, SDKs, and benchmarks to train and evaluate AI agents that can control full desktops (macOS, Linux, Windows)."
triton-inference-server/server,9858,56.19,141,33,2025-10-08T17:11:29Z,https://github.com/triton-inference-server/server,fastapi,The Triton Inference Server provides an optimized cloud and edge inferencing solution.
holoviz/panel,5447,81.92,196,142,2025-10-08T16:18:09Z,https://github.com/holoviz/panel,django,Panel: The powerful data exploration & web app framework for Python
jianchang512/pyvideotrans,14548,99.98,20,69,2025-09-18T13:40:42Z,https://github.com/jianchang512/pyvideotrans,flask,Translate the video from one language to another and add dubbing.         Â∞ÜËßÜÈ¢ë‰ªé‰∏ÄÁßçËØ≠Ë®ÄÁøªËØë‰∏∫Âè¶‰∏ÄÁßçËØ≠Ë®ÄÔºåÂêåÊó∂ÊîØÊåÅËØ≠Èü≥ËØÜÂà´ËΩ¨ÂΩï„ÄÅËØ≠Èü≥ÂêàÊàê„ÄÅÂ≠óÂπïÁøªËØë„ÄÇ
SWivid/F5-TTS,13362,98.42,54,10,2025-09-13T05:44:08Z,https://github.com/SWivid/F5-TTS,gradio,"Official code for ""F5-TTS: A Fairytaler that Fakes Fluent and Faithful Speech with Flow Matching"""
PaddlePaddle/PaddleFormers,12932,99.82,33,140,2025-10-01T10:55:50Z,https://github.com/PaddlePaddle/PaddleFormers,"flask,gradio",PaddleFormers is an easy-to-use library of pre-trained large language model zoo based on PaddlePaddle.
xorbitsai/inference,8597,88.53,120,121,2025-10-01T00:56:25Z,https://github.com/xorbitsai/inference,"fastapi,gradio","Replace OpenAI GPT with another LLM in your app by changing a single line of code. Xinference gives you the freedom to use any LLM you need. With Xinference, you're empowered to run inference with any open-source language models, speech recognition models, and multimodal models, whether in the cloud, on-premises, or even on your laptop."
QwenLM/Qwen3-Coder,13875,85.02,30,16,2025-07-31T15:40:21Z,https://github.com/QwenLM/Qwen3-Coder,"django,flask","Qwen3-Coder is the code version of Qwen3, the large language model series developed by Qwen team, Alibaba Cloud."
agent0ai/agent-zero,11938,54.15,26,220,2025-10-08T09:47:49Z,https://github.com/agent0ai/agent-zero,flask,Agent Zero AI framework
healthchecks/healthchecks,9486,63.66,101,80,2025-10-08T08:02:49Z,https://github.com/healthchecks/healthchecks,django,"Open-source cron job and background task monitoring service, written in Python & Django"
InternLM/lmdeploy,7137,62.48,129,159,2025-10-07T05:56:34Z,https://github.com/InternLM/lmdeploy,fastapi,"LMDeploy is a toolkit for compressing, deploying, and serving LLMs."
sissbruecker/linkding,9187,81.64,108,48,2025-10-05T18:16:10Z,https://github.com/sissbruecker/linkding,django,"Self-hosted bookmark manager that is designed be to be minimal, fast, and easy to set up using Docker."
blacklanternsecurity/bbot,9026,99.91,49,355,2025-10-06T05:08:27Z,https://github.com/blacklanternsecurity/bbot,fastapi,The recursive internet scanner for hackers. üß°
PaddlePaddle/ERNIE,7495,57.21,43,511,2025-09-30T08:33:28Z,https://github.com/PaddlePaddle/ERNIE,gradio,The official repository for ERNIE 4.5 and ERNIEKit ‚Äì its industrial-grade development toolkit based on PaddlePaddle.
LMCache/LMCache,5493,93.31,116,337,2025-10-07T18:21:47Z,https://github.com/LMCache/LMCache,fastapi,Supercharge Your LLM with the Fastest KV Cache Layer
CTFd/CTFd,6269,57.01,152,69,2025-09-26T00:53:14Z,https://github.com/CTFd/CTFd,flask,CTFs as you need them
r0x0r/pywebview,5478,75.75,170,42,2025-10-08T12:33:06Z,https://github.com/r0x0r/pywebview,flask,"Build GUI for your Python program with JavaScript, HTML, and CSS"
inventree/InvenTree,5818,68.83,116,271,2025-10-08T01:44:10Z,https://github.com/inventree/InvenTree,django,Open Source Inventory Management System
andrewyng/aisuite,12374,50.90,34,15,2025-10-02T05:25:36Z,https://github.com/andrewyng/aisuite,fastapi,"Simple, unified interface to multiple Generative AI providers"
AsyncFuncAI/deepwiki-open,11037,50.62,52,15,2025-10-01T22:15:41Z,https://github.com/AsyncFuncAI/deepwiki-open,fastapi,Open Source DeepWiki: AI-Powered Wiki Generator for GitHub/Gitlab/Bitbucket Repositories. Join the discord: https://discord.gg/gMwThUMeme
microsoft/presidio,5729,99.72,151,46,2025-10-08T09:08:31Z,https://github.com/microsoft/presidio,"fastapi,streamlit","An open-source framework for detecting, redacting, masking, and anonymizing sensitive data (PII) across text, images, and structured data. Supports NLP, pattern matching, and customizable pipelines."
Azure-Samples/azure-search-openai-demo,7326,65.89,111,57,2025-10-07T07:03:11Z,https://github.com/Azure-Samples/azure-search-openai-demo,flask,"A sample app for the Retrieval-Augmented Generation pattern running in Azure, using Azure AI Search for retrieval and Azure OpenAI large language models  to power ChatGPT-style and Q&A experiences."
zyddnys/manga-image-translator,8651,90.03,89,34,2025-10-03T14:48:13Z,https://github.com/zyddnys/manga-image-translator,fastapi,Translate manga/image ‰∏ÄÈîÆÁøªËØëÂêÑÁ±ªÂõæÁâáÂÜÖÊñáÂ≠ó https://cotrans.touhou.ai/ (no longer working)
MervinPraison/PraisonAI,5413,94.96,28,655,2025-08-30T10:55:01Z,https://github.com/MervinPraison/PraisonAI,"fastapi,flask,gradio","PraisonAI is a production-ready Multi AI Agents framework, designed to create AI Agents to automate and solve problems ranging from simple tasks to complex challenges. It provides a low-code solution to streamline the building and management of multi-agent LLM systems, emphasising simplicity, customisation, and effective human-agent collaboration."
icloud-photos-downloader/icloud_photos_downloader,8950,93.88,47,176,2025-09-22T14:10:11Z,https://github.com/icloud-photos-downloader/icloud_photos_downloader,flask,A command-line tool to download photos from iCloud
kyegomez/swarms,5306,99.48,49,528,2025-10-08T05:04:11Z,https://github.com/kyegomez/swarms,fastapi,The Enterprise-Grade Production-Ready Multi-Agent Orchestration Framework. Website: https://swarms.ai
LibrePhotos/librephotos,7800,100.00,78,115,2025-10-08T02:01:27Z,https://github.com/LibrePhotos/librephotos,"django,flask",A self-hosted open source photo management service. This is the repository of the backend.
vaexio/vaex,8432,60.81,75,65,2025-10-01T03:22:26Z,https://github.com/vaexio/vaex,fastapi,"Out-of-Core hybrid Apache Arrow/NumPy DataFrame for Python, ML, visualization and exploration of big tabular data at a billion rows per second üöÄ"
hhyo/Archery,6576,99.51,122,11,2025-10-08T13:11:58Z,https://github.com/hhyo/Archery,django,SQL ÂÆ°Ê†∏Êü•ËØ¢Âπ≥Âè∞
infobyte/faraday,5961,97.45,104,136,2025-10-03T17:14:08Z,https://github.com/infobyte/faraday,flask,Open Source Vulnerability Management Platform
lastmile-ai/mcp-agent,7476,99.93,55,208,2025-10-08T17:14:57Z,https://github.com/lastmile-ai/mcp-agent,"fastapi,streamlit",Build effective agents using Model Context Protocol and simple workflow patterns
online-ml/river,5574,97.54,129,28,2025-10-05T08:35:18Z,https://github.com/online-ml/river,flask,üåä Online machine learning in Python
traceloop/openllmetry,6459,99.99,88,123,2025-10-08T14:27:39Z,https://github.com/traceloop/openllmetry,fastapi,"Open-source observability for your GenAI or LLM application, based on OpenTelemetry"
tadata-org/fastapi_mcp,10677,100.00,18,29,2025-09-08T14:32:19Z,https://github.com/tadata-org/fastapi_mcp,fastapi,"Expose your FastAPI endpoints as Model Context Protocol (MCP) tools, with Auth!"
tubearchivist/tubearchivist,7020,55.23,72,124,2025-09-27T14:02:56Z,https://github.com/tubearchivist/tubearchivist,django,Your self hosted YouTube media server
facebookresearch/vggt,11177,99.89,10,16,2025-09-01T03:24:05Z,https://github.com/facebookresearch/vggt,gradio,[CVPR 2025 Best Paper Award] VGGT: Visual Geometry Grounded Transformer
crestalnetwork/intentkit,6425,99.77,15,452,2025-10-08T05:21:38Z,https://github.com/crestalnetwork/intentkit,fastapi,"An open and fair framework for everyone to build AI agents equipped with powerful skills. Launch your agent, improve the world, your wallet, or both!"
crazyguitar/pysheeet,8112,93.10,47,96,2025-09-23T14:50:25Z,https://github.com/crazyguitar/pysheeet,flask,Python Cheat Sheet
microsoft/RD-Agent,8119,96.74,35,151,2025-10-02T01:47:33Z,https://github.com/microsoft/RD-Agent,"flask,streamlit","Research and development (R&D) is crucial for the enhancement of industrial productivity, especially in the AI era, where the core aspects of R&D are mainly focused on data and models. We are committed to automating these high-value generic R&D processes through R&D-Agent, which lets AI drive data-driven AI. üîóhttps://aka.ms/RD-Agent-Tech-Report"
google/clusterfuzz,5479,87.48,99,81,2025-10-08T17:05:50Z,https://github.com/google/clusterfuzz,flask,Scalable fuzzing infrastructure.
PaddlePaddle/PaddleX,5793,63.49,97,53,2025-09-24T07:00:56Z,https://github.com/PaddlePaddle/PaddleX,fastapi,All-in-One Development Tool based on PaddlePaddle
NVIDIA-NeMo/Guardrails,5124,99.55,102,88,2025-10-08T14:54:29Z,https://github.com/NVIDIA-NeMo/Guardrails,"fastapi,streamlit",NeMo Guardrails is an open-source toolkit for easily adding programmable guardrails to LLM-based conversational systems.
voicepaw/so-vits-svc-fork,9143,94.67,31,36,2025-10-08T16:11:20Z,https://github.com/voicepaw/so-vits-svc-fork,fastapi,"so-vits-svc fork with realtime support, improved interface and more features."
fishaudio/Bert-VITS2,8588,99.91,36,13,2025-10-06T19:21:34Z,https://github.com/fishaudio/Bert-VITS2,gradio,vits2 backbone with multilingual-bert
OpenGVLab/InternVL,9294,52.75,19,20,2025-09-22T01:36:48Z,https://github.com/OpenGVLab/InternVL,"django,fastapi,gradio,streamlit",[CVPR 2024 Oral] InternVL Family: A Pioneering Open-Source Alternative to GPT-4o.  Êé•ËøëGPT-4oË°®Áé∞ÁöÑÂºÄÊ∫êÂ§öÊ®°ÊÄÅÂØπËØùÊ®°Âûã
QuentinFuxa/WhisperLiveKit,7582,88.71,33,113,2025-10-06T18:02:03Z,https://github.com/QuentinFuxa/WhisperLiveKit,fastapi,Real-time & local speech-to-text server.
guardrails-ai/guardrails,5758,69.84,71,65,2025-10-02T17:10:48Z,https://github.com/guardrails-ai/guardrails,"fastapi,flask",Adding guardrails to large language models.
The-Pocket/PocketFlow,8545,71.08,25,15,2025-08-13T17:27:39Z,https://github.com/The-Pocket/PocketFlow,"fastapi,gradio,streamlit",Pocket Flow: 100-line LLM framework. Let Agents build Agents!
google/adk-samples,5509,86.60,69,68,2025-10-06T10:00:34Z,https://github.com/google/adk-samples,"fastapi,flask",A collection of sample agents built with Agent Development (ADK)
adamchainz/django-cors-headers,5522,100.00,70,12,2025-10-07T10:08:00Z,https://github.com/adamchainz/django-cors-headers,django,Django app for handling the server headers required for Cross-Origin Resource Sharing (CORS)
ijl/orjson,7465,55.87,23,19,2025-10-07T13:32:04Z,https://github.com/ijl/orjson,flask,"Fast, correct Python JSON library supporting dataclasses, datetimes, and numpy"
liangliangyy/DjangoBlog,7170,85.05,25,34,2025-09-30T09:18:31Z,https://github.com/liangliangyy/DjangoBlog,django,üç∫Âü∫‰∫éDjangoÁöÑÂçöÂÆ¢Á≥ªÁªü
Arindam200/awesome-ai-apps,6580,67.01,17,131,2025-10-05T08:30:00Z,https://github.com/Arindam200/awesome-ai-apps,"fastapi,flask,gradio,streamlit","A collection of projects showcasing RAG, agents, workflows, and other AI use cases"
hanxi/xiaomusic,5520,98.58,51,66,2025-10-08T10:36:50Z,https://github.com/hanxi/xiaomusic,fastapi,‰ΩøÁî®Â∞èÁà±Èü≥ÁÆ±Êí≠ÊîæÈü≥‰πêÔºåÈü≥‰πê‰ΩøÁî® yt-dlp ‰∏ãËΩΩ„ÄÇ
awslabs/agent-squad,6962,63.82,29,25,2025-10-08T13:57:05Z,https://github.com/awslabs/agent-squad,"fastapi,streamlit",Flexible and powerful framework for managing multiple AI agents and handling complex conversations
simular-ai/Agent-S,6912,99.77,20,48,2025-10-05T18:14:11Z,https://github.com/simular-ai/Agent-S,fastapi,Agent S: an open agentic framework that uses computers like a human
ostris/ai-toolkit,6461,90.22,11,134,2025-10-07T19:39:50Z,https://github.com/ostris/ai-toolkit,gradio,The ultimate training toolkit for finetuning diffusion models
Zipstack/unstract,5836,81.04,24,114,2025-10-08T17:19:28Z,https://github.com/Zipstack/unstract,flask,No-code LLM Platform to launch APIs and ETL Pipelines to structure unstructured documents
superduper-io/superduper,5218,97.91,49,37,2025-09-01T15:20:18Z,https://github.com/superduper-io/superduper,fastapi,Superduper: End-to-end framework for building custom AI applications and agents.
X-PLUG/MobileAgent,5963,68.51,21,95,2025-09-28T03:16:54Z,https://github.com/X-PLUG/MobileAgent,fastapi,Mobile-Agent: The Powerful GUI Agent Family
BrainBlend-AI/atomic-agents,5101,100.00,27,105,2025-09-25T13:11:23Z,https://github.com/BrainBlend-AI/atomic-agents,fastapi,"Building AI agents, atomically"
